name,IP,EA,Et,gap
4116485/,6.536736273,-4.150785741,-0.018164463,0.38514073
4116486/,6.579318299,-4.185840244,0.040524319,0.4150967
7207509/,7.054632771,-3.107475025,0.691005366,0.87112206
4027107/,8.095899059,-3.417613502,0.886455989,0.0523771
2203908/,7.590953155,-1.489669534,1.011616521,1.04107839
2300563/,9.08950672,-3.424106892,1.223204618,1.58755669
4319626/,7.402465754,-1.533521504,1.024715008,1.28572026
2214284/,7.363917847,-1.839131268,1.039958415,0.53758523
4116206/,6.910996156,-0.922885622,0.987376965,1.09840603
4026096/,8.682295248,-3.014711244,1.267222795,1.32238093
7204618/,7.770515819,-1.892342144,1.13825271,1.39401739
7204616/,7.802834408,-1.711257007,1.150553844,1.41470537
4029898/,8.485421447,-1.800796808,1.256067624,1.49056373
7109311/,8.812530997,-3.437301188,1.344929373,1.37551729
4110318/,5.970796203,-1.480214095,0.920928075,1.17196113
1513692/,6.186846732,-1.749882453,0.954484745,1.22199315
2103872/,6.905978474,-0.883785451,1.067556985,1.17998906
2018482/,6.747026844,-0.68066084,1.051452415,1.13065665
2102148/,7.038799227,-0.60541261,1.106012919,1.09938716
2211679/,7.591511045,-0.942096409,1.192861205,1.46861214
2103571/,7.001714595,-1.777929908,1.104526214,1.05349952
2103285/,6.711436026,-0.696586429,1.065627652,1.13498178
7109189/,6.52002394,-2.031150854,1.045205024,1.14835914
2101908/,7.125590753,-1.973910329,1.147855235,1.31182588
4513075/,6.894435004,-1.764133736,1.132053516,1.07156159
4026073/,7.892476059,-1.719004933,1.298582907,1.36664792
1502048/,7.283406944,-2.180062893,1.201270445,1.42718661
8101221/,7.5295023,-2.319621012,1.2758369,1.51411805
2215601/,9.110354695,-0.81808757,1.558648051,1.83637785
8100630/,7.978411075,-3.008890156,1.365361588,1.55099984
7109250/,5.602153454,-1.891915799,0.962444837,1.09336571
8100631/,7.978524416,-2.987372692,1.37484363,1.56061925
2232260/,7.02403365,-1.711501216,1.210418168,1.35735524
1518008/,7.905658218,-2.684838288,1.367710779,1.46684581
4108657/,7.371291003,-2.239938181,1.275505874,1.33281005
4022530/,7.493773635,-0.425259415,1.297163031,1.48448418
7052926/,8.858665694,-1.932663766,1.539910528,1.80141703
7109249/,5.513041646,-1.747526885,0.968770017,1.10691567
2203987/,7.033953287,-1.430421796,1.249236041,0.72898514
2009731/,9.136758089,-2.874794944,1.626445987,1.86121018
2006749/,8.01661832,-1.96792182,1.429560533,1.04978458
1505621/,7.971773141,-2.497506941,1.426886646,1.50437051
7030021/,7.274124516,-1.825263101,1.311419785,1.44323133
4062611/,7.619789893,-1.772904264,1.378178397,1.5446611
7153075/,6.378561416,-1.691984294,1.161742445,1.27834553
7100462/,7.379631207,-1.174051527,1.345845521,1.23805512
7205532/,9.32539279,-2.654309306,1.702108001,1.94028876
4062606/,7.222170475,-1.801210976,1.333727634,1.47135384
1505035/,8.199791482,-1.875158799,1.519319275,1.57026904
2202813/,6.765436537,-1.206386808,1.258824098,1.46086691
2017425/,6.967517656,-0.339810259,1.29740425,1.40633917
4111185/,6.621728381,-2.019816284,1.236733503,1.35594829
4061577/,6.069973063,-1.579758253,1.138138525,1.15945591
7150964/,6.705695611,-2.222387173,1.257437306,1.33327198
4123767/,7.380703688,-2.527990628,1.394435106,1.57555719
1505620/,8.256635125,-1.59612263,1.57334591,1.73338452
2217072/,7.256056907,-1.759441537,1.389997735,1.5549136
7017427/,6.777027249,-1.788911981,1.304345637,1.15621228
2231295/,7.853161363,-1.145998953,1.51550495,1.67219946
8100528/,6.542363804,-1.866445253,1.263375354,1.48338957
4027728/,5.99569411,-1.63822156,1.16297391,1.26915387
2100836/,6.968820066,-1.569941423,1.356602876,1.60025289
4112257/,7.596238571,-1.793774576,1.48097685,1.86168519
4112256/,7.547002046,-1.751255472,1.488141541,1.87195654
7217840/,6.612911642,-1.944462165,1.321462289,1.45668781
7112222/,7.594352865,-2.463089357,1.52038963,1.59291292
7213065/,7.239696415,-2.228366015,1.451295803,1.25016786
4112569/,7.237156588,-2.517045727,1.451130072,1.4650416
1516091/,6.898278552,-2.160792646,1.38457661,1.20913984
1505656/,8.165635465,-1.832521451,1.639611291,1.55623345
4304452/,7.006360953,-1.592575492,1.411074492,1.61835402
2214763/,5.911712938,-1.482110464,1.193083243,1.46352625
7204088/,8.849996948,-2.497962851,1.791408226,1.98457582
1505471/,7.20162336,-1.860037066,1.467544794,1.4866276
2218869/,8.800910113,-2.351579749,1.794913348,1.78512726
5000194/,8.926712165,-0.302761965,1.825693998,2.0959098
4511790/,6.686908059,-1.514965336,1.378234978,1.61930732
1516688/,6.087935259,-1.261354464,1.25658273,1.55010317
4304453/,7.325188043,-1.767081743,1.520687813,1.67257649
1503735/,6.036873784,-1.930113589,1.254992913,1.39773863
2010884/,7.936292891,-1.649429311,1.650708264,1.72368271
4304454/,7.12814214,-1.539935794,1.483581927,1.61705681
1505378/,6.537805646,-1.451028655,1.370767878,1.6386129
7105484/,7.782683109,-2.377120093,1.632584951,1.62989086
4077649/,8.274515383,-2.24833515,1.737928896,1.78456788
4025185/,7.048969821,-1.753771296,1.481183887,1.15203531
2205629/,7.244140847,-1.490068909,1.523385299,1.66312067
7202511/,7.013927682,-1.751579667,1.481856149,1.60022932
7226343/,8.216485074,-1.576054067,1.748630862,1.95823275
4022453/,6.923179799,-2.217833225,1.477145835,1.63196881
7213267/,7.424774918,-1.982956936,1.591401998,1.35325285
1516687/,6.101727166,-1.227604578,1.313931218,1.60070813
4023766/,7.599144776,-1.892978089,1.640319974,1.90898013
1511796/,8.230001716,-1.540432726,1.796085882,1.93772176
1505100/,6.505504538,-1.765870455,1.420087141,1.58850367
2223289/,7.9515181,-1.815073513,1.736613314,1.82110239
1515707/,7.909100039,-1.879015954,1.731566451,2.01415262
7201186/,8.436860654,-1.65920709,1.849433373,2.09864999
2238229/,8.418032149,-2.093681627,1.847278244,1.84220566
7220202/,8.754265854,-1.639986478,1.923968152,2.16191564
4029991/,8.144105647,-1.562169765,1.792870259,1.8237238
4025298/,6.529197406,-1.272858914,1.44115415,1.44948761
2222158/,8.424042316,-0.88182855,1.860094522,2.26832276
7154635/,8.239900711,-2.203570479,1.82300422,1.93528626
7152888/,7.960726095,-1.911072422,1.765224789,1.85951506
1544069/,8.121539452,-1.900647992,1.802703702,1.99338459
4001223/,6.153421833,-1.154824721,1.372158904,1.52596706
2231798/,7.793641614,-1.666966777,1.739236123,1.83834572
2239440/,8.458189617,-1.390295065,1.888383443,2.00055347
7101829/,7.921127551,-1.816172815,1.769473423,2.06271672
4503641/,7.998272898,-2.438443638,1.789497937,1.86025604
1502975/,6.822678751,-2.104495934,1.530263941,1.63787517
2012248/,7.401534599,-2.162883517,1.660703494,1.45989203
2012148/,7.695358595,-1.361345278,1.728336656,1.88009736
7104724/,7.224619246,-1.575494938,1.623538857,1.75571388
4503642/,7.992628642,-2.407358531,1.79870762,1.86937372
7223873/,7.178241757,-2.175393358,1.621226368,1.75546834
4502874/,6.119474077,-1.593492545,1.382182618,1.58486791
2239390/,8.338395122,-1.25951066,1.884114549,1.98868283
4027448/,8.315427171,-1.117898941,1.882329362,1.98393918
2102187/,7.485852192,-1.544937927,1.701884984,1.88927534
2102190/,7.485305635,-1.515393608,1.70448454,1.90627622
2012982/,7.75999529,-1.736911675,1.773234629,1.73774436
2229992/,7.946072341,-1.484092727,1.816045792,1.92821464
2228277/,8.081416347,-1.881273498,1.848738831,1.55709828
4031829/,7.116085979,-2.168863955,1.630212679,1.57853834
7055121/,8.258345711,-1.789907041,1.901102035,1.86453805
2206070/,7.623230098,-1.479446175,1.759779568,1.83893374
4506228/,7.59273011,-1.811808398,1.753679789,1.64498766
4509389/,7.850528506,-1.452385082,1.813461701,2.0142914
1543130/,8.160449674,-1.115709832,1.885371854,1.97623197
7154969/,7.203744328,-1.738494896,1.665290445,1.59001118
7154005/,7.343230639,-1.749259061,1.702597404,1.38173009
7112615/,6.771487642,-0.980306756,1.570717237,1.52010173
2213054/,8.147092428,-1.167748761,1.89079287,1.99710747
7154970/,7.486498166,-1.705646663,1.738080246,1.58695846
2206802/,7.874080613,-1.343101237,1.828412332,1.96144937
1506523/,7.832815542,-1.289533419,1.822690905,1.84779935
4030108/,7.379711018,-1.762326362,1.719971729,1.78261496
2217795/,7.864487266,-1.453971635,1.833038496,1.96846168
2226154/,7.94677149,-1.626952177,1.857747169,1.92290986
2201315/,8.360862188,-0.303094782,1.959604803,2.37931567
4067559/,6.647893144,-1.300803185,1.560064001,0.19558613
4022223/,7.47145379,-2.296533518,1.753764097,1.80688187
2005557/,8.858397022,-1.627836332,2.090178009,1.95281884
4026361/,6.177827752,-0.315662453,1.460192848,1.54067397
1508311/,6.061461149,-0.884515994,1.436164668,1.68365736
1503213/,8.471501835,-2.228156373,2.008841985,2.12757798
2205413/,6.773029116,-0.899050974,1.606141898,1.57537599
7200918/,7.190883771,-1.859155033,1.706351514,1.31412507
1516085/,7.497192525,-1.86570995,1.780916439,1.82353735
7203098/,8.372430086,-0.286711973,1.993969336,2.4035643
4024277/,7.881668055,-1.731462024,1.881560039,1.79582208
1519519/,8.087591938,-1.312875907,1.935041635,1.93469437
7151922/,7.831266566,-1.759201244,1.87625046,1.91357689
4331966/,6.757355385,-1.435192537,1.619064336,nan
2006823/,9.306628055,-2.762590582,2.231089375,2.34820994
2101889/,7.878730124,-0.911371312,1.889456965,2.1210992
7037107/,6.396363415,-1.064087553,1.534840793,1.4660855
4031850/,6.84027429,-1.332742262,1.641780484,1.82142487
2229841/,8.535583787,-1.411300226,2.054031769,2.07683761
7150524/,5.993816998,-1.409097821,1.442938848,1.42867328
4112350/,7.884467465,-0.901069964,1.898427842,2.12893804
7218759/,7.137845622,-1.958690865,1.720400621,1.9015206
4085930/,6.966155867,-0.610294611,1.680349055,1.83590423
2224883/,7.959746615,-1.25877355,1.920417375,2.03561679
4063964/,6.607933756,-1.860826802,1.597896637,1.46789937
1516089/,7.085516011,-2.070509464,1.716143958,1.48566115
7151921/,7.8820588,-1.745091517,1.910459037,1.9599675
7106403/,7.883279242,-1.274932887,1.911517984,2.04081645
2101202/,8.503981011,-2.122008047,2.065828343,2.28688599
4026668/,8.088456689,-1.754772912,1.969642531,2.23976789
7116632/,7.999879837,-1.93626568,1.948753113,2.03231273
4313555/,7.397633756,-1.904496708,1.802366678,1.89332893
2017122/,6.110570314,-0.740584507,1.49237339,1.60571614
2017121/,6.126621968,-0.746085576,1.496687744,1.61007103
7109005/,6.871957028,-1.569071956,1.680426853,1.7761844
4026409/,6.894608152,-1.728809445,1.686803763,1.80184521
1506409/,7.558936118,-0.810837482,1.849724769,2.08399479
2238083/,8.02884746,-1.784079315,1.966756345,2.04345326
7050920/,6.995650903,-1.520893254,1.714387853,1.96794552
2234776/,8.540865325,-1.796413426,2.093659354,2.1879104
9011415/,8.414580437,-1.58901079,2.065152746,2.14565818
4031314/,7.579515389,-1.326797961,1.861376829,2.06201571
2219807/,8.33265789,-2.009768842,2.046346004,2.08312239
7204487/,7.308047822,-1.81363491,1.796129897,1.83997727
8000017/,6.338304433,-1.165663965,1.558424594,1.46894981
4113699/,7.685296734,-1.490849886,1.892521089,2.23557345
7053193/,6.121984347,-1.699097765,1.507685169,1.62869038
4027517/,6.973373782,-0.794105008,1.717382027,1.97887751
4511813/,7.268073128,-1.92145753,1.790872249,2.03891938
4503804/,8.159182268,-1.741895501,2.012670365,2.09149478
1502120/,7.212425871,-2.052980262,1.779310416,1.85777481
2012554/,7.833577726,-1.221946725,1.934077691,2.09261768
7202969/,6.14865982,-0.927417315,1.518348245,1.78480387
4024122/,7.723390489,-1.560863287,1.910454187,2.13192678
2009555/,6.668401905,-1.345603612,1.652327212,1.78077744
4028103/,7.485222327,-2.008998602,1.856687927,2.05643624
4508999/,7.298943376,-2.160863701,1.813724735,1.93850797
2201484/,6.912258347,-1.503770765,1.718214541,1.87214298
1515000/,7.267059156,-1.771843836,1.807629423,2.06726541
1518200/,6.701902102,-1.621965397,1.667385337,1.698063
7101362/,7.226946937,-1.824042572,1.79896437,1.90984042
4028586/,6.241757382,-0.681193211,1.555356446,1.72402434
2237442/,6.834800105,-1.459207378,1.703279346,1.83243369
2219889/,7.856947145,-1.529519386,1.95825392,2.08233529
2226427/,7.714044332,-2.085600519,1.923849265,1.99266706
2236892/,6.264980986,-1.6894079,1.563175537,1.73441139
2102786/,8.917842559,-2.184429322,2.22679251,2.26040386
2008400/,7.852585884,-0.936769404,1.96081815,2.22604486
4085610/,7.488982524,-1.445826439,1.871773546,1.95686645
7101371/,6.505873285,-1.377882932,1.627666751,1.65742425
7153806/,7.776724279,-1.61741073,1.94839487,2.02177816
2238201/,8.589116225,-2.321847021,2.153561781,2.31936135
7101370/,6.589595287,-1.395536397,1.652835595,1.6778305
2105564/,8.405573633,-1.553471024,2.108599383,2.18415642
2222991/,7.401443065,-1.648701437,1.858752984,2.07238505
4116117/,6.144001106,-1.503406858,1.544478465,1.73977825
2202571/,8.923219119,-2.138121873,2.243832685,2.28588625
7218991/,6.776537796,-1.110851952,1.705244281,1.90516777
4022929/,6.95643386,-1.673288641,1.752103126,1.72579786
2105563/,8.397773751,-1.53778056,2.115426427,2.19339335
7206387/,5.584409851,-1.124819141,1.40722076,1.52934473
2232526/,8.104325922,-2.039078055,2.043790161,2.19285018
1512576/,7.625865344,-1.863246206,1.923537191,1.53711025
2233778/,7.76720819,-2.014982732,1.960522146,2.216707
7153817/,7.382678428,-1.193488599,1.86386215,2.07057618
7053850/,6.497771712,-1.846491358,1.640660865,1.68232331
2223677/,7.297535103,-1.749789279,1.848730716,1.97072638
7218742/,5.658872219,-1.08559293,1.436035718,1.50850672
4506880/,6.970300591,-1.190440059,1.770023008,1.91844284
2238965/,7.334672094,-0.903291542,1.864004153,1.84562866
2222811/,7.361267203,-2.38838095,1.87134046,1.93581607
4068987/,7.018659282,-1.328005911,1.784649145,1.88375811
4503807/,8.181003522,-1.772370045,2.081883418,2.13839124
1505244/,7.057368542,-1.933654791,1.801274359,1.97744788
2104102/,6.007314972,-0.918488184,1.533308226,1.68861936
7153818/,7.3911006,-1.156179174,1.887216069,2.08429925
4029100/,7.986271006,-2.051437848,2.039718099,2.14863369
7221735/,5.714868967,-1.103360547,1.462210356,1.5825346
7221737/,5.683694561,-1.119514663,1.455090602,1.57229495
7117549/,7.089121601,-1.670407745,1.815271642,1.73312428
7052236/,6.258562041,-0.934050872,1.604056631,1.87198735
4102530/,7.844198552,-2.407437156,2.013242648,1.64056137
2237828/,7.225595147,-1.40920146,1.854626779,1.93567941
4023987/,6.123325892,-1.320640387,1.574192772,1.7594754
4333484/,7.5247756,-1.20272249,1.936187546,2.15260925
4022555/,7.772632695,-1.422865869,2.000628348,1.99913976
7150844/,7.945823597,-2.258573339,2.049349547,2.12414256
4029945/,7.597830791,-1.580410376,1.962041841,2.0500804
7220041/,7.861740589,-1.020803831,2.03348375,2.26719944
1507029/,7.575441498,-1.795134628,1.960309527,1.71000017
1514332/,7.177234714,-1.749282639,1.858853689,2.08281631
1503041/,7.618666971,-1.40265716,1.974862584,2.02598251
2202930/,7.60620061,-1.288029109,1.97192938,2.08911361
4030009/,7.223412393,-1.367798614,1.874435819,2.03937443
4023764/,7.259026771,-1.29767926,1.886182038,2.10927807
4115759/,7.257214247,-0.717576852,1.887447355,2.06535929
4513307/,7.484915594,-0.907258899,1.947304791,2.2751464
7221739/,5.698397069,-1.141062188,1.483662407,1.5951175
4024773/,6.98389256,-1.446643122,1.819400965,1.78973539
7221738/,5.687994946,-1.111725036,1.482216043,1.59613085
4115757/,7.241858331,-0.70181075,1.887815688,2.06582011
7206389/,5.62690237,-1.14171121,1.467257713,1.59077624
7153961/,7.053226847,-1.084817397,1.839983655,2.12449805
7206390/,5.638379566,-1.156484151,1.471399775,1.58309785
1508941/,7.456086878,-1.598209124,1.948132431,2.01987124
1504491/,7.323842277,-1.63092778,1.918687239,1.95574524
7050809/,6.820165168,-1.618523535,1.787055638,1.9615234
4025992/,7.636283747,-1.607096076,2.001554553,1.81166791
7102596/,6.799659016,-2.069075477,1.785129227,1.70627092
4020189/,7.259889665,-1.625106235,1.910077269,2.11766483
4025710/,6.24877208,-1.235627148,1.644956133,1.83587356
2229083/,7.548963359,-1.108545924,1.987567875,2.15850143
4020381/,6.657048561,-0.614751933,1.753570883,1.10374224
2205162/,7.912038754,-1.163509713,2.086199014,2.09710801
4022006/,6.634902165,-1.620157442,1.754536081,1.98937764
2217985/,7.078234577,-1.361322578,1.876871974,2.02122639
4505259/,7.620790403,-1.215207486,2.022267297,2.28000198
2215984/,7.210970379,-1.464706194,1.914598665,2.08644353
2011467/,6.783171117,-1.314671618,1.802087349,1.58904657
1517549/,7.31636285,-1.593460719,1.943875186,1.84657304
7117624/,7.593421629,-1.918176943,2.017915648,2.1967841
7151385/,6.98778795,-1.121245707,1.857705523,1.89246376
8100758/,6.637185304,-1.319247855,1.764533372,1.83896002
4000665/,7.016433927,-0.974993619,1.866567686,2.17174773
7151611/,6.860638179,-1.266252492,1.82896276,1.81221095
2201939/,7.134758494,-0.703458844,1.905558499,1.85569723
7152484/,8.06806253,-1.330473847,2.155841609,1.99686674
7214754/,7.68383985,-1.633054964,2.054741047,2.11238301
4121018/,6.837349053,-0.737243326,1.829243082,1.75933266
1505243/,6.963563437,-1.795289269,1.864304761,2.0590628
2217913/,8.528776734,-1.743857523,2.285369009,2.32204227
2224458/,7.068072602,-0.887410289,1.894033337,2.0582055
1518905/,6.600851429,-1.599749898,1.773723754,1.99042603
2214464/,6.699940721,-0.970170627,1.801764707,2.01535818
7203293/,7.939526321,-2.285503023,2.136447598,2.08724723
2107485/,8.419329307,-1.465701071,2.265607861,2.36100205
7221736/,5.665780951,-1.029203293,1.525396909,1.63986812
4329570/,6.717713924,-1.721078211,1.81009861,1.83695596
4022005/,6.69070385,-1.587927566,1.802974847,2.04089484
7151421/,6.741159366,-0.647652808,1.820952554,1.89109048
4027337/,6.595464466,-1.078869899,1.783630698,1.90129591
4063858/,6.743840904,-0.731696568,1.826567194,1.91634589
4028913/,6.830902701,-0.327945027,1.852448241,1.77419663
7215125/,7.243252901,-0.830068644,1.965001729,2.28558124
7109154/,6.662804732,-1.319614107,1.809501433,2.06615137
2013587/,6.649514692,-1.614373214,1.807197366,1.5758811
2019946/,7.428543392,-0.399771477,2.021515259,2.22778508
2101042/,7.519310037,-1.190548875,2.047653947,2.29358522
4116108/,6.677375168,-0.987049849,1.818457884,2.06796512
4513124/,7.043020822,-0.967237643,1.918723329,2.22821949
1540615/,8.586390252,-2.073571516,2.339731478,2.36615712
2239853/,7.79629663,-2.526513401,2.124779726,1.56067428
2202546/,7.910485216,-1.671104537,2.161668031,2.10951729
2201414/,7.764424885,-0.855973867,2.123922168,2.10885559
4503458/,6.281562576,-1.613907648,1.718524439,1.84395756
7215124/,7.24066489,-0.809126207,1.981652272,2.30219446
7202979/,8.287162245,-1.862190798,2.269582064,2.10895442
2100531/,8.317414211,-2.520380959,2.278023611,2.07786509
1514263/,7.629659398,-1.782557382,2.089681955,2.17262601
2103487/,7.896085329,-0.923534125,2.164385574,1.92143407
2010614/,8.409947859,-1.906332898,2.307121026,2.06798316
2205546/,8.096219426,-2.45208003,2.222832528,2.0694059
4064987/,6.194857234,-1.083822728,1.703921568,1.82628496
7014687/,6.713603579,-1.011702557,1.848514505,1.91118133
2005843/,7.212098247,-0.811754244,1.986860396,2.30640137
4513126/,6.987862003,-0.919396588,1.925251076,2.2414688
4078787/,7.724482088,-1.147216184,2.129724581,1.88760699
7223207/,7.855145351,-1.941541165,2.165860975,1.89605983
4501204/,7.251078034,-0.789798549,1.999595971,2.31947092
7153936/,8.188864178,-1.299334219,2.258500177,2.40690303
7204577/,8.280149616,-2.194600953,2.284396212,2.42506906
2200642/,7.454582485,-1.744242637,2.058856863,2.21402463
4026636/,7.346985205,-0.773496554,2.029498642,2.27558324
2012980/,7.412448427,-0.848305791,2.048380806,2.01489431
4120971/,7.339075404,-0.803845415,2.030782143,2.19541751
4031949/,7.223726401,-1.414887632,2.00011433,1.99509847
2227318/,7.078628566,-1.342270231,1.967185251,1.72782181
4504977/,7.32850232,-1.453613271,2.037013656,1.7394603
2217820/,6.980386139,-1.450704846,1.941806224,2.07249796
4335419/,6.912787173,-0.947204775,1.925311082,2.07110646
4029993/,8.195436587,-1.398910522,2.282585888,2.31529328
2213250/,8.097919549,-1.606965939,2.25937842,2.40297485
4072983/,6.856131635,-1.559222057,1.913021113,1.88923569
2213616/,7.885468109,-2.062108176,2.203238476,1.97683336
4028074/,6.950437946,-1.456191479,1.94471164,1.94306517
1512578/,7.324030785,-1.352063355,2.049377117,2.00722798
4026348/,6.300849844,-1.647080692,1.763161821,1.87140989
7218743/,5.676510845,-1.050437104,1.590118768,1.66109579
7212975/,6.50555043,-0.417864259,1.822964718,1.89443468
4024276/,8.083152053,-1.313361176,2.265520466,2.41647104
2200417/,8.926287333,-1.775484387,2.504773709,2.2240469
1502326/,7.548771237,-1.466698068,2.118372791,1.79827319
2215635/,7.73557435,-1.577614591,2.171318574,2.27261004
7226512/,6.575695635,-0.858231728,1.849262603,1.90027851
4028922/,6.879918421,-0.318290889,1.935446383,1.86037901
2011525/,6.928102046,-0.591428689,1.949962645,2.27220097
7200215/,8.27089615,-1.533189944,2.331099333,2.59219422
7150390/,7.587262857,-1.488449438,2.140012572,2.2283959
2200591/,8.008673778,-1.772258763,2.259143071,2.29223142
7100828/,6.296226339,-1.191805891,1.7777158,1.63293029
4505363/,6.775010893,-0.91561141,1.913847543,1.84366524
2014556/,6.773541281,-0.913237787,1.913757827,1.84353329
4111801/,6.847293497,-1.299769471,1.935010602,1.80870047
7107085/,7.297412579,-1.618958842,2.062305517,2.23157726
2104957/,7.403221727,-1.763513505,2.09240975,2.22710411
4503324/,6.565071145,-0.997991579,1.856904725,2.81342624
7155076/,6.384769896,-1.050559589,1.805936314,1.8422116
2235810/,7.021031664,-1.177527262,1.992348631,1.9662417
2222781/,8.483939631,-0.961995397,2.408617917,2.56669578
7117464/,6.558993222,-1.049056659,1.862210234,2.13678712
2010199/,7.624222294,-1.641035241,2.166445831,1.87459711
2200618/,7.97848571,-0.819564429,2.267348974,2.0237468
7150326/,7.375000107,-0.98878207,2.096487998,2.01729338
7104695/,6.902836364,-1.222177616,1.962302101,2.11138568
2203510/,6.695935144,-1.239431115,1.904379491,1.50003047
4084356/,6.557470451,-0.312896351,1.865267331,2.38556175
2223238/,6.987319939,-1.208947225,1.987898966,1.96631018
4513302/,7.092055023,-0.482005323,2.018840295,2.36233715
7153423/,8.020161743,-1.527752185,2.283429005,2.02940498
1506852/,6.396771394,-0.987969923,1.821490152,1.90326998
4064682/,5.853033101,-0.108164754,1.667042912,1.7747844
2220883/,7.53155356,-1.748361336,2.14866492,1.98920001
7153819/,7.53211892,-1.04806843,2.150167042,2.28327037
4312499/,8.056312313,-0.291828923,2.300764856,2.24594187
7207305/,7.298609811,-1.794561803,2.086367755,2.26083334
2010287/,6.30012491,-0.594716142,1.801247563,1.47881646
7201463/,6.293295581,-1.142409808,1.800344643,1.98480629
4022625/,6.846093264,-1.327561053,1.960205412,1.77840415
4031943/,6.841099589,-1.077499377,1.958855061,1.72814287
4513313/,7.094634914,-0.463458636,2.033874769,2.37588939
2200184/,7.400444412,-0.917866434,2.122540753,2.25269558
7022129/,7.001252267,-1.099273245,2.009656535,2.18709501
1503543/,7.843561085,-1.158645321,2.252622534,2.28827391
1513940/,6.963307157,-1.592515375,2.000106887,1.90429768
2011526/,6.956698442,-0.546841313,2.002274556,2.32628038
4022055/,7.690158154,-1.474770696,2.215833422,2.26723534
2206111/,7.222915152,-0.983839644,2.083830123,2.04614924
7054007/,7.903874656,-1.727715891,2.283684378,2.0465515
2240781/,6.780758992,-1.363341599,1.959459844,2.07663622
7153433/,7.661516526,-1.205775731,2.214713589,2.33474634
1513088/,7.385508093,-1.399842857,2.135520386,2.30756209
4513320/,7.106913991,-0.456643979,2.055061245,2.39687037
2011365/,7.381092725,-1.854992197,2.134784301,1.86112232
2013103/,6.964837112,-1.144387986,2.015276977,2.20794694
7103100/,6.383137367,-0.478034876,1.847821332,2.13138265
1502081/,7.106329511,-0.839827471,2.057796966,2.17288839
4020674/,7.083699744,-1.317637595,2.053432633,2.33592399
4001142/,6.105837895,-1.265883398,1.770679461,1.92787098
4026719/,7.01706947,-1.400544194,2.036557269,2.06656572
2230218/,7.323070989,-0.109040378,2.125449328,2.31712053
7153775/,5.823474994,-0.54344988,1.691565413,1.60959201
7220122/,7.414916942,-0.902699235,2.153862611,2.26773463
1504777/,7.262134814,-1.154668167,2.1099325,2.29230121
7154613/,6.622157352,-1.136858237,1.926616292,2.01074604
2015485/,6.18337094,0.173175129,1.801382303,1.92235933
2234117/,7.718463475,-1.001070476,2.248626516,2.37803456
1503288/,6.217772967,-0.478452517,1.811673878,1.98053943
2215012/,8.477609722,-1.737435773,2.470526803,2.38634457
4030449/,7.524649487,-1.769036609,2.193437564,1.97252005
2205031/,7.244659962,-1.503167234,2.112465427,2.17999
1508822/,6.332384215,-1.159774284,1.846538592,2.08735016
7202468/,6.200271569,0.170573997,1.809284989,1.93035698
1505888/,7.71738951,-1.462950985,2.252542977,2.16046272
7150597/,6.82140575,-1.183477441,1.991242148,1.77595652
1506819/,7.295963588,-0.894339702,2.131231752,2.37269423
5000168/,7.121033827,-0.451338802,2.080811081,2.42346632
2009195/,6.155108741,-0.716304814,1.798738609,2.05237706
2005983/,7.499987612,-0.985711743,2.192258534,2.36267493
2222626/,7.429020384,-1.131815471,2.171846351,2.19114525
2007498/,7.030107134,-0.82210559,2.055450549,1.99545951
2015484/,6.179481594,0.186518837,1.807955032,1.92944956
2015486/,6.187959632,0.171615504,1.810612429,1.93172868
4026612/,7.006907828,-1.702739307,2.051065804,1.97569085
4024879/,7.392862313,-1.647766393,2.166649254,2.07214081
1503663/,7.151334982,-1.108636945,2.095913794,2.21005914
2014182/,7.539810064,-1.378570343,2.211188046,2.1556084
2011685/,7.028621833,-0.591242784,2.062345266,2.29661264
2209869/,6.276002765,-0.63262674,1.843747694,1.87851118
2225118/,8.509830272,-1.783280058,2.500175344,2.15322976
1507189/,6.504695353,-1.079311974,1.911308635,2.05259077
7112220/,7.598614665,-1.934400502,2.232780073,2.02054139
2234822/,7.133468828,-1.14273604,2.097805643,2.000223
7154658/,6.940988599,-1.244902331,2.041354273,2.19546999
4124307/,6.668208678,-1.091241781,1.96306039,2.2056344
4020911/,7.634203958,-1.443500602,2.247755985,2.30536525
4020910/,7.50085463,-1.270813964,2.21150655,2.36049912
4026484/,7.353437617,-1.081078016,2.168695842,2.35241871
2233231/,7.348134094,-1.145802776,2.1674345,2.17927951
2208529/,6.685624826,-1.546462051,1.972913357,1.89207732
4078409/,7.593221281,-1.666805228,2.241517312,1.64530728
2209388/,6.503683238,-0.705951382,1.921182622,1.95929964
1505595/,6.223201377,-0.851042651,1.838724017,2.07389326
2222597/,7.256906055,-1.119296223,2.144385057,2.08077851
2219028/,7.166389161,-1.353426909,2.11775103,2.22761743
2212111/,7.717951295,-0.558461721,2.281171431,2.09241767
2221705/,6.743958186,-0.457521016,1.993706112,1.84266269
2014906/,7.034196315,-0.94666912,2.079564076,2.17692889
1532510/,6.932577311,-1.213796789,2.049706353,2.23276339
8103570/,8.709308976,-0.285408413,2.578806749,2.50726163
4503461/,6.648854565,-1.531845376,1.971385609,2.11399132
2230970/,7.642155041,-0.980731695,2.266107361,2.44924623
7204119/,5.689042159,0.144037861,1.688850958,1.8052569
2203591/,6.69687136,-0.695489664,1.988701777,2.14357989
4028473/,6.693394825,-1.111207529,1.988268247,2.13193885
7033079/,6.440619127,-1.05403897,1.91393529,2.0119132
2013804/,8.212787488,-1.065204997,2.442856404,2.3937243
4030955/,6.989060944,-1.422650171,2.078943092,1.99325283
1513095/,6.115011274,-1.128029406,1.819948151,1.98580685
2209216/,7.13053867,-1.420721486,2.122363775,1.80893061
7152072/,7.684395855,-0.873624027,2.287314497,2.287024
2230118/,7.512104019,-1.677710332,2.24039628,2.06228865
2218701/,7.627095764,-1.055333453,2.275293893,2.2217825
2229717/,7.226476626,-1.515467773,2.156747813,2.10836812
7154715/,6.838407424,-1.625832128,2.040951727,1.86163877
7200794/,5.7403397,-0.245335106,1.713577447,1.83364599
2211941/,8.680966997,-1.633049464,2.595921322,2.51575008
4020178/,6.424372092,-0.936439947,1.921772027,1.79491915
1519553/,7.944404082,-0.895513322,2.377868555,2.37253511
2230441/,7.54569056,-1.500989046,2.258617494,2.08605068
1512102/,6.72427706,-1.18541032,2.013342716,1.83665739
7100977/,8.443529134,-1.97416678,2.535157215,2.34640645
7226053/,6.79497154,-1.28522649,2.040280902,1.63122139
4020179/,6.148930954,-0.640708684,1.846680869,1.937248
4031750/,6.519712346,-0.499907307,1.960845405,1.80776708
2226602/,7.128355508,-1.252966571,2.144557855,1.75723228
2200211/,6.428726801,-0.419999392,1.935366233,1.69648448
4021554/,6.533577296,-0.86092919,1.967233828,2.18201134
7200442/,8.163190066,-1.010782461,2.45951543,2.52076797
7108617/,6.208329475,-1.256360393,1.871011029,1.81038444
7154908/,6.822500322,-0.722588602,2.056568273,2.22927249
2220438/,7.440077283,-1.200771203,2.24389618,2.17326292
2007798/,7.230376256,-0.810009401,2.181845725,2.00901552
2223357/,7.321182787,-1.061162567,2.212387738,2.05066511
4020859/,5.853127375,-0.729280598,1.770713387,1.96553167
7154763/,7.668672672,-1.773796508,2.320469387,2.18582271
7150078/,9.068330159,-1.913404295,2.748369915,6.24918639
7108764/,6.811144485,-0.779218981,2.064675582,2.19495194
7050190/,8.502729032,-1.336909592,2.578082743,2.36441095
7152667/,5.221591883,-0.802727418,1.583885707,1.38306349
2233054/,8.65258291,-2.107572105,2.625373213,2.09404701
8101565/,8.380759977,-1.969257976,2.543642268,2.32792432
7023327/,6.570189488,-1.05982055,1.994732411,2.11080038
7116536/,6.134640639,-0.804994501,1.866458486,2.15133536
4116828/,8.789619289,-0.839815269,2.674510574,2.66871873
4117436/,8.037141063,-1.691520531,2.446258785,1.87308487
2232145/,7.936025291,-0.520056604,2.415523468,2.67146406
7150481/,8.303862232,-1.32918445,2.527520266,2.45437859
1516423/,6.051959682,-0.801390927,1.84878086,2.0984763
2236296/,8.273050301,-1.496448523,2.529550888,2.42635416
4026605/,7.499914182,-1.129694309,2.294280545,2.36304136
2015917/,8.18483759,-1.397351112,2.504197459,2.29454241
2232356/,7.374147512,-1.522115899,2.256494574,1.64736982
2100767/,7.891935872,-0.880780195,2.41525174,2.51148515
1513527/,7.076701943,-0.779211982,2.166271269,2.35407673
2104000/,6.229581076,-0.103121838,1.909344069,2.17466933
2224656/,7.986134235,-1.869686919,2.448749602,2.26491402
4344172/,7.34594251,-0.230453695,2.252830021,2.50821922
1507537/,7.417364829,-0.712922344,2.275837957,2.43849132
4504826/,8.136388344,-1.119753316,2.49734231,2.45127077
4023684/,6.567885385,-0.521724484,2.016120224,2.24498271
4023479/,7.575307978,-1.382792619,2.329561502,2.54710131
4344171/,7.380534253,-0.189347109,2.271148181,2.52880772
4024634/,6.320093847,-1.170142545,1.945854977,2.14936959
2237462/,8.65701427,-1.327093736,2.665651342,2.5039137
2204636/,7.151698022,-1.239611553,2.205668549,1.93528425
4100902/,6.344732292,-1.834817225,1.958584011,1.8610089
2231170/,7.68859749,-2.355013067,2.3743382,1.74650964
2229158/,7.537046754,-0.742129631,2.328452757,2.52249362
2100526/,8.164213907,-1.986227422,2.522280105,2.07529181
2201542/,8.098440155,-0.976643444,2.502044241,1.95508517
2016715/,7.971627423,-1.446722511,2.463058008,2.24402271
7023511/,5.990753821,-0.525684123,1.85178247,2.09012905
7114001/,6.858335261,-0.818481376,2.120812405,2.00412586
2222987/,6.10967192,-0.290354215,1.892048102,2.0014545
4021255/,7.34394575,-1.167686136,2.274582896,2.29720801
2200310/,7.761056312,-2.166315204,2.405057089,1.4842027
2209012/,5.880734324,-0.292472653,1.823338929,1.93965854
2217577/,8.977688808,-1.460375451,2.78536237,2.76311549
2230283/,8.334539655,-0.865946543,2.586638813,2.58200322
2220484/,7.065441479,-1.092133656,2.193315962,2.37781846
2231352/,6.772645946,-1.200588798,2.103389442,2.22818477
4025265/,7.573136717,-0.923303048,2.352232963,2.61425591
1508379/,7.587901972,-1.067599279,2.356997278,2.28229423
4080154/,6.485347089,-0.767955691,2.014998511,1.93824124
1508657/,6.621071754,-0.606435573,2.060675767,1.73774549
2200661/,7.477921522,-2.005582839,2.330829864,2.16437914
2210262/,8.392392389,-1.414451302,2.616407507,2.41540372
2009386/,8.162955714,-1.341438604,2.544891754,2.3159666
4028375/,7.328597989,-1.039339559,2.285462363,2.04595372
2237490/,7.435435676,-0.920322168,2.321980111,2.30108288
1542697/,7.435936743,-1.330976339,2.323389671,2.28048507
4108090/,7.741987827,-1.477111705,2.420163743,2.2346541
4023601/,7.126877038,-1.551940062,2.22852855,2.12996998
4027869/,7.53945899,-0.953440436,2.359066312,2.17483338
2201154/,8.161214492,-1.763455863,2.554575645,2.03303775
1507464/,6.596724432,-1.008753535,2.065844993,2.31799622
2218876/,6.924567594,-1.300051002,2.168955629,2.15892369
2228149/,6.427859776,-0.429525257,2.013403254,2.31266863
7225909/,5.803460624,-0.756537517,1.818171935,1.73510912
1518723/,7.226164989,-1.214945655,2.265391793,2.36396673
4031751/,6.582451502,-0.538017751,2.064133216,1.77429087
7224941/,7.140455028,-0.640636033,2.24082761,2.14597962
2205560/,7.672676252,-1.297496732,2.408183554,2.3697148
4000324/,6.351133401,-0.688841916,1.994351331,1.83821232
4114611/,6.564510686,-0.515114483,2.063087746,2.47717005
7220119/,7.094823475,-0.608469928,2.230422642,2.33307335
7100179/,5.662522638,-1.777850244,1.780797088,1.09028565
2300303/,8.490909123,-0.666944813,2.670505184,2.40621576
4025079/,6.988064826,-1.14406152,2.198499829,1.93629574
2215558/,6.579742407,-1.308563238,2.070669624,2.10382723
4081966/,6.635792264,-1.318923367,2.094576048,2.26172052
2227448/,8.226965174,-1.112088971,2.598016236,2.50250273
4077057/,6.235038405,-1.185534662,1.971611782,2.03608551
4501567/,6.170988156,-1.130920654,1.951802145,2.10149653
7224475/,6.65816733,-1.210454901,2.1076781,2.27744563
7224989/,6.498331862,-1.298897412,2.05888557,2.12948576
2223243/,8.487105199,-2.434828897,2.689819558,2.46332193
2222727/,8.028734225,-0.700080596,2.546420251,2.49538364
7151684/,7.535038955,-1.087588732,2.390793834,2.19863692
4028144/,7.997442439,-1.278958708,2.539990569,2.39868351
7204028/,7.738035403,-1.041629178,2.457838711,2.29037358
7221733/,6.282308978,-0.445708203,1.998804897,1.7426363
2214624/,6.974444961,-1.1739749,2.221645437,2.13373601
7211304/,7.759471795,-2.283771416,2.474533957,2.52207083
7204556/,6.677640539,-1.40983137,2.133999067,2.31217329
2103674/,8.358401557,-0.575696896,2.672376133,2.34646793
4025541/,6.084410749,-0.568045923,1.94678307,2.07735959
2019205/,8.112823171,-1.418298532,2.596543455,2.48226999
1505510/,5.382258383,-0.677512293,1.723207612,1.77924667
2201899/,6.712342342,-0.970059003,2.149872929,1.95968251
2010023/,7.600385538,-0.713037758,2.438806372,2.54687294
2226787/,6.531916764,-0.382567808,2.096085926,2.22995049
4031834/,7.790625312,-1.05543853,2.501419474,2.56525783
4512203/,8.060662576,-0.498205848,2.588184973,2.42313408
7150531/,6.673869227,-0.497264788,2.14462389,2.09287908
2235480/,8.00513565,-0.69942934,2.573410441,2.18832404
1506771/,8.003597864,-1.14210227,2.573319742,2.53536374
2236004/,7.667930159,-1.166780254,2.466265925,2.05079863
1506662/,6.16781908,-0.559020319,1.984335415,2.13267798
2012161/,7.569272375,-0.865115563,2.436982696,2.12503749
4024120/,7.700382909,-0.630921677,2.480126755,2.15963687
4512204/,7.946533893,-0.482939972,2.56054151,2.12706969
7109422/,6.185287405,-0.647342649,1.993065001,2.29689423
2004735/,7.862771978,-2.380588596,2.534051361,2.3801588
2220680/,6.564575885,-0.938550317,2.118902031,2.38519592
4026214/,5.638024565,-1.325598968,1.819899333,1.84288576
2227308/,7.232963086,-1.024447408,2.335274699,2.40675413
2212295/,7.642619734,-0.676831106,2.469537963,2.20022265
2202147/,7.498563077,-1.233446518,2.423913592,2.38626184
4030969/,6.574273141,-1.214043337,2.125195004,1.75342888
2233064/,8.314584383,-0.9996601,2.690633407,2.48413023
7104602/,6.485620995,-1.102855539,2.100348116,1.17904289
7201292/,5.529832342,0.128359741,1.792153297,1.90989285
4101605/,6.936429093,-0.774146047,2.250546221,2.48840517
2215312/,7.689779512,-1.137801876,2.496339277,1.89519776
7201290/,5.536036567,0.143370126,1.797443842,1.91436153
1507816/,6.746349411,-1.542885759,2.191219965,2.1296194
2216959/,7.997497662,-1.165853495,2.598093121,2.59635832
4027188/,7.089125001,-1.056141028,2.306806247,2.32917525
7211302/,7.609269446,-2.244446528,2.481834669,2.51475801
4023357/,7.387419039,-1.581613679,2.409851085,2.13243579
2233897/,7.958360934,-1.835120498,2.599269791,2.17722085
2236984/,8.386803157,-0.991516422,2.74017401,2.64836335
1508658/,6.553475599,-1.0599822,2.14222162,2.29610159
2231337/,7.350085857,-1.68112169,2.402664395,1.23814197
7151210/,7.107730061,-1.168165228,2.323778581,2.16925445
1516094/,6.654447898,-1.123951756,2.176490783,2.13923282
7221610/,7.173680315,-0.922192044,2.347138013,2.33841273
2218796/,7.811252525,-1.300930572,2.55737868,2.12019868
7219683/,7.807562971,-1.516143326,2.556225654,1.86088467
4023884/,7.686752645,-1.042180654,2.519443954,1.61532968
2019591/,7.894837983,-0.314161335,2.59297069,2.4442389
1505065/,7.777778271,-0.273362772,2.554942607,2.3554359
7206774/,6.566974773,-0.25691167,2.16162817,2.480497
4021927/,7.301766894,-1.491173896,2.409045589,1.95777177
7150329/,6.851078366,-0.555201372,2.260595663,1.87807186
2224462/,7.480760452,-1.427907641,2.468990275,2.41903296
4504304/,6.489403256,-1.070406707,2.144615838,2.35330274
1508545/,7.541106803,-1.41548121,2.492577935,1.55852182
4021791/,6.596350244,-0.702881367,2.181040627,2.24594145
8100612/,6.44144524,-0.603180455,2.131827226,2.14927257
1504809/,7.655870188,-0.985878794,2.534393723,1.95513247
2240139/,7.047087283,-0.841788734,2.333234233,1.97184263
1503644/,6.603418244,-0.940287695,2.187333718,2.23777373
2100607/,7.182594899,-0.314823213,2.379825912,2.71679873
7220007/,7.58540819,-1.271668675,2.525809887,1.90078152
4513628/,7.167687415,-0.291133086,2.387112059,2.72566148
2239111/,7.970455393,-1.065629859,2.661397166,2.38700565
4020604/,7.924307802,-0.752493543,2.649023832,2.757484
1504904/,7.747931858,-1.52703251,2.590173808,2.30242041
7224148/,7.800573628,-1.396132885,2.613634607,2.37586068
4026769/,8.667558015,-1.215617301,2.905222534,2.70252773
4027902/,6.438072045,-1.395214074,2.158295251,1.60216342
2200758/,7.207020561,-1.259623304,2.419395257,1.73686339
2015764/,7.55714892,-0.89714212,2.543944499,2.19905903
1504155/,7.906083173,-1.425021119,2.663818993,2.26210816
1507182/,7.990674556,-0.731338755,2.694710421,2.58141612
7115800/,6.724305905,-0.639666089,2.268076614,2.584701
2100608/,7.199970688,-0.27844193,2.430342402,2.76563967
4501700/,6.652826436,-0.656371758,2.248664905,2.55585153
7150793/,7.789670017,-1.030359213,2.637997542,2.44063457
2230676/,7.398309061,-1.034096686,2.507925767,2.32148935
2223237/,7.597049791,-0.555623731,2.575384969,2.2784557
7154772/,6.506512659,-0.869808707,2.206096332,2.19889095
4104133/,6.723134662,-0.62948805,2.28166303,2.59559949
4107817/,5.30555828,-0.700241845,1.800628822,1.59242724
8000010/,6.595879959,-0.393472529,2.239560368,2.23764841
2201284/,6.026595814,0.063713297,2.046566761,2.23288059
7151832/,7.924712066,-1.22684942,2.695089429,2.23103828
4020629/,6.923905826,-0.641591609,2.364643362,2.69807022
7150327/,6.782753563,-0.366518389,2.319004449,2.2352213
7221815/,7.150063333,-0.434777555,2.444592143,2.56321892
7150894/,6.9674805,-2.093657579,2.384635518,0.84362656
7153389/,7.803742517,-0.818089253,2.672618539,1.85870988
2016609/,7.154513725,-0.171415639,2.453676524,2.21683218
7204635/,5.425043194,-0.894862785,1.860964002,1.92027179
4028143/,7.916275103,-1.233151613,2.71777466,2.24005641
1505662/,7.819886001,-1.902830349,2.687984357,1.92085139
1504239/,6.739235454,-0.058539306,2.316850607,2.2843819
1508335/,6.330315351,-0.88081192,2.176289118,1.59149213
2211046/,7.845314925,-0.58767803,2.700201368,2.61551403
7102897/,7.301093342,-1.208366181,2.515794274,2.50386556
1542954/,6.744144786,-0.813290235,2.325926986,1.8173906
2006854/,8.064694639,-0.321908119,2.80304657,2.64463255
2216875/,7.542034951,-0.719348105,2.621720846,2.09370415
2202785/,5.563989174,-0.047832795,1.934931584,2.07052309
7203991/,7.535248982,-0.927905236,2.620559615,2.4450675
2233169/,7.628074884,-1.514836877,2.653340778,2.26515969
4024078/,6.774491591,-0.325613978,2.356653957,2.6648166
1506248/,7.419410746,-0.829538614,2.581902064,2.17517434
2234992/,7.669741708,-0.534179515,2.680914562,2.27118912
1502225/,8.089766337,-1.329483883,2.830042487,2.26609882
2204305/,7.677412064,-0.411478043,2.68636648,2.69839713
7206785/,6.489960625,-1.030882086,2.271551057,2.48540212
2241359/,7.473548176,-1.211011823,2.619725678,1.73269721
1503112/,7.396052192,-1.782801291,2.59383916,2.0771122
4505444/,5.265256198,-0.371076439,1.847173199,2.00576243
4073033/,6.797338936,-0.584466162,2.387402825,2.70974108
7115598/,7.945175881,-0.90600265,2.790578902,2.66362746
4312662/,7.096306669,-0.782947604,2.493253015,2.34840986
7036303/,6.422487695,-0.738981073,2.257869431,2.2511418
1515588/,6.258264332,-1.117298818,2.206210772,2.32372431
4024418/,6.699345539,-0.248526462,2.362556125,2.70311873
4511716/,7.603038532,-1.059984068,2.683223229,2.58097235
1502280/,6.736936751,-0.975334848,2.377896753,2.56808274
7106579/,7.131239084,-0.842271837,2.517662845,2.12691853
4106652/,7.637029245,-1.22767282,2.70122244,1.56967138
7152226/,7.659360463,-0.267302197,2.716884727,2.5420074
2103304/,7.952285018,-0.660441683,2.823295464,2.75355212
2200028/,7.933769771,-0.765163046,2.820801536,2.56257265
4031848/,6.946902265,-0.898899747,2.472670797,2.05376462
2211363/,7.253434735,-0.482654474,2.582817327,2.40540387
2236935/,8.513668801,-0.718981972,3.031914868,2.5069725
1508841/,6.454346557,-0.497327594,2.299002981,2.6846927
2230674/,6.46719978,-0.598421693,2.305280154,2.45930653
7151569/,7.798030547,-1.381995817,2.781012519,1.70624866
4501308/,8.042931886,-0.320642936,2.878342053,2.83350574
2007670/,8.191644075,-1.761349693,2.933727558,2.15807532
1502547/,7.788555661,-1.453360941,2.791194757,1.75403629
4002004/,5.413120724,0.058987674,1.940063307,2.04176308
1506570/,8.112247351,-1.328714675,2.913260031,2.06664389
2010982/,7.393606877,-0.473360408,2.656131701,2.05086809
2008184/,7.949465788,-0.509213504,2.857976443,2.67534707
1513955/,8.126334086,-1.460203914,2.924027181,2.12469487
1503939/,7.890968574,-1.374431905,2.842342365,2.15898177
7219753/,6.676768698,-0.311519061,2.407970932,2.21756264
2217808/,8.240815024,-0.802331424,2.986605079,2.89419594
1512351/,7.220918606,-0.882848471,2.618201945,1.46102731
7150760/,8.092635356,-1.429821942,2.937274516,2.04061029
2227150/,7.758005575,-1.387715578,2.819795452,2.31011036
2215306/,8.178029441,-1.046779132,2.973888595,1.97166738
1501717/,5.750737746,-0.304513706,2.095521979,2.18479612
4029842/,7.737747165,-1.713103727,2.820390209,1.45050496
4106339/,7.065077415,-0.599688385,2.57535548,2.2629982
4028145/,7.903586008,-1.092423192,2.881027647,2.21603234
7115466/,7.81373879,-0.606910657,2.85376725,2.36320298
7206740/,7.573060984,-0.226319635,2.770010993,2.86037382
2017956/,7.195795673,-0.830173114,2.636368742,1.83188882
4020731/,6.527807851,-0.584957596,2.394146437,1.66751341
1506498/,7.994710171,-1.611945746,2.944990447,2.36421731
7107956/,6.421403456,-0.765016287,2.370339163,0.87842275
2201997/,7.462714918,-1.776067796,2.764254365,2.27177792
7150952/,7.47222117,-1.453620921,2.76999492,1.32739303
2101272/,6.584111538,-0.025155371,2.446179773,2.73511411
4029508/,7.737865347,-1.429311228,2.876358529,2.30624033
1502160/,7.215449952,-1.340635193,2.687131626,1.46678545
8102201/,7.838700634,-1.136321924,2.932592054,2.37167423
2101269/,6.607461643,0.016936371,2.475067034,2.77824666
2205793/,7.415132475,-0.968354831,2.784900141,1.62492595
7053153/,6.170777209,-1.28787399,2.321093053,2.44859434
5000182/,6.952931424,-0.534065255,2.617554859,2.84107962
7204425/,7.24230957,-0.189050759,2.726853321,3.03301105
4031311/,7.114591903,-0.282108441,2.679458497,2.96161664
1513237/,6.527809269,-0.548414788,2.463391297,2.71589821
7051322/,7.423958226,0.310731238,2.80431857,3.22136667
2221416/,7.483447847,-1.005508621,2.826841542,2.2891589
2219876/,6.838963821,-1.235632111,2.584323564,1.53554017
4508693/,6.986930356,-1.014199057,2.647409047,2.06803497
2228607/,7.499716777,-0.744247811,2.843855891,1.99922409
4023607/,7.455240669,-1.455026022,2.828010737,1.69240429
4030057/,6.943413015,-0.20525683,2.647670084,2.99800818
2100606/,7.923916291,0.390021382,3.024712053,3.45295985
4028579/,7.393932069,-1.26385461,2.824795094,2.00559477
7214120/,7.398976736,-1.371797254,2.82742642,2.2611607
2210168/,7.274800316,-1.083251536,2.783823944,2.07263022
1513913/,7.322049275,-0.610557482,2.805535488,2.36918347
4026169/,6.595997462,-0.327155062,2.532427097,2.32086981
1520111/,6.502818567,-0.111776977,2.501909624,1.73604651
4106471/,7.336106262,-0.48632847,2.828853818,2.35490512
7115713/,6.789225573,-0.3319566,2.619688424,2.89375764
1542709/,7.348942323,-1.0211414,2.838869258,2.64237868
4504008/,6.67348108,-0.983897401,2.581611561,1.90484904
4023044/,6.687505569,-0.579279685,2.589528105,2.76271707
4121363/,7.243849025,0.061947472,2.807262851,3.13026957
4031312/,6.995119205,-0.185212847,2.711001927,2.9605002
1513769/,6.797948591,-0.325431287,2.635831929,2.90975849
7051323/,7.442444357,0.35905614,2.888960393,3.29929734
4505234/,6.732641708,-0.76115499,2.617860238,2.80675785
8100577/,7.245350584,-0.1550465,2.827410193,3.11641345
1512318/,6.72897668,-1.008456872,2.636704653,1.47077755
4028965/,7.62592586,-1.256020105,2.991265484,2.32841503
1501866/,6.004899982,-0.403844045,2.355570049,1.36635625
4321582/,6.839533099,-0.327182429,2.702521453,2.96993271
7105267/,7.846886961,-1.146039524,3.102910645,2.54298453
4027015/,7.716693197,-0.600799636,3.059490688,2.18108907
2240717/,7.27290968,-1.058266807,2.897650054,1.96119237
2231700/,7.156960032,-0.706853866,2.855679212,2.62987738
1542640/,7.464837073,-1.196636853,2.984845912,2.31029125
4112305/,6.893689533,-0.18974334,2.759390356,3.04186152
4062954/,6.838364714,-0.478688398,2.740750109,2.28362662
2239453/,7.183184046,-0.633492809,2.883318554,1.58753718
2012156/,6.579904276,-0.290044093,2.646831042,2.15679116
8102640/,7.189305477,-0.630325827,2.90449431,1.9534056
7150899/,7.3509457,-0.842734998,2.991399558,1.66253156
4001249/,6.014845445,0.48970185,2.44845241,2.51735983
2239532/,7.35277727,-0.970579977,2.997658835,2.03592984
2204931/,7.775730016,-0.754211575,3.201723531,2.60805943
2232875/,7.415263653,-0.900405741,3.055220121,2.24677336
1506499/,6.611972697,-1.001982799,2.740519684,1.46236204
1505726/,6.824445308,-0.335894058,2.874928593,3.0578446
4026424/,7.268578028,0.248456679,3.074955715,3.36592129
4027334/,7.703331055,-0.4072512,3.260564588,1.99967136
7112726/,7.557123184,-0.625240996,3.206353258,2.6516351
4020844/,7.036846229,-0.093663662,2.995062828,2.55038481
7153060/,7.188903502,-0.525515823,3.077337522,1.82718709
1503930/,7.63946631,-0.252484206,3.359618233,2.34394852
1502507/,7.617814933,-0.250441829,3.359731435,2.41352817
2202792/,6.75682675,-0.422292906,2.980847802,3.32874213
4028528/,7.545090828,-0.410872436,3.35001358,2.42545422
7153059/,7.221424013,-0.51430363,3.238121069,1.91191237
2241653/,7.339340525,-0.145399202,3.322147413,2.33964803
1505566/,7.084845767,0.09689187,3.236659723,2.61559848
4308011/,6.533056267,0.770285273,2.997659293,3.30181337
2008635/,7.0132769,0.049486395,3.386404738,2.18306544
1512611/,5.582286136,0.569313378,3.029117793,1.64321112